{
"lengthUnit": "mil",
"components": {
	"fields": ["COMPONENT_NO", "COMPONENT_NAME", "LAYER", "X_COORDINATE", "Y_COORDINATE", "ANGLE"],
	"rows": [
		[1, "B1", "B", 0, 5, 270],
		[2, "C1", "T", -680, 835, 90],
		[3, "C2", "T", -494.18, 858.21, 270],
		[4, "C3", "T", -205.44, 587.34, 270],
		[5, "C4", "T", 300, 715, 270],
		[6, "C5", "T", -523.56, 165.74, 270],
		[7, "C6", "T", -715, 140, 90],
		[8, "C7", "T", -229.18, -110.77, 270],
		[9, "C8", "T", 315, 20, 270],
		[10, "C9", "T", -510, -535, 270],
		[11, "C10", "T", -700, -555, 90],
		[12, "C11", "T", -220.92, -803.88, 270],
		[13, "C12", "T", 310, -675, 270],
		[14, "CN1", "T", 620, 745, 270],
		[15, "CN2", "T", 640, 50, 270],
		[16, "CN3", "T", 630, -645, 270],
		[17, "D1", "T", -394.18, 637.34, 0],
		[18, "D2", "T", -419.18, -65.77, 0],
		[19, "D3", "T", -409.18, -753.88, 0],
		[20, "L1", "T", 0.82, 677.34, 90],
		[21, "L2", "T", 0, -20, 90],
		[22, "L3", "T", 0, -715, 90],
		[23, "LED1", "T", 1163.52, 695.66, 0],
		[24, "LED2", "T", 1163.52, 0.66, 0],
		[25, "LED3", "T", 1163.52, -694.34, 0],
		[26, "R1", "T", -109.18, 1002.34, 0],
		[27, "R2", "T", -235.1, 1002, 0],
		[28, "R3", "T", 1165.34, 794.2, 180],
		[29, "R4", "T", -139.18, 314.23, 0],
		[30, "R5", "T", -258.96, 313.88, 0],
		[31, "R6", "T", 1165.34, 99.2, 180],
		[32, "R7", "T", -128.5, -388.88, 0],
		[33, "R8", "T", -250.58, -388.88, 0],
		[34, "R9", "T", 1165.34, -595.8, 180],
		[35, "SW1", "T", -1825, 650, 270],
		[36, "U1", "T", -311.74, 855.65, 180],
		[37, "U2", "T", -337.22, 162.89, 180],
		[38, "U3", "T", -327.22, -536.57, 180],
		[39, "PAD1", "B", -311.73, 855.63, 0],
		[40, "PAD2", "B", -337.2, 162.87, 0],
		[41, "PAD3", "B", -327.2, -536.57, 0]
	]
},
"pins": {
	"fields": ["PIN_NO", "PIN_NAME", "PIN_X", "PIN_Y", "LAYER", "PIN_TYPE", "NET_NAME", "NET_TYPE", "PAD_SHAPE", "PAD_SIZEX", "PAD_SIZEY", "HOLE_SIZE", "PAD_ANGLE"],
	"rows": [
		[1, "B1_1", -1417.32, 379.02, "T", "DIP", "$1N7016", "", "C", 137.8, 137.8, 78.74, 270],
		[2, "B1_1", -1417.32, 379.02, "B", "DIP", "$1N7016", "", "C", 137.8, 137.8, 78.74, 270],
		[3, "B1_2", 1417.32, 379.02, "T", "DIP", "$1N6885", "", "C", 137.8, 137.8, 78.74, 270],
		[4, "B1_2", 1417.32, 379.02, "B", "DIP", "$1N6885", "", "C", 137.8, 137.8, 78.74, 270],
		[5, "B1_3", -1417.32, -369.02, "T", "DIP", "GND", "GND", "C", 137.8, 137.8, 78.74, 270],
		[6, "B1_3", -1417.32, -369.02, "B", "DIP", "GND", "GND", "C", 137.8, 137.8, 78.74, 270],
		[7, "B1_4", 1417.32, -369.02, "T", "DIP", "$1N6885", "", "C", 137.8, 137.8, 78.74, 270],
		[8, "B1_4", 1417.32, -369.02, "B", "DIP", "$1N6885", "", "C", 137.8, 137.8, 78.74, 270],
		[9, "C1_1", -680, 729.88, "T", "SMD", "VIN", "", "R", 137.79, 47.24, 0, 90],
		[10, "C1_2", -680, 940.12, "T", "SMD", "GND", "GND", "R", 137.79, 47.24, 0, 90],
		[11, "C2_1", -494.18, 885.77, "T", "SMD", "GND", "GND", "R", 31.5, 35.43, 0, 270],
		[12, "C2_2", -494.18, 830.65, "T", "SMD", "VIN", "", "R", 31.5, 35.43, 0, 270],
		[13, "C3_1", -205.44, 614.9, "T", "SMD", "$1N1297", "", "R", 31.5, 35.43, 0, 270],
		[14, "C3_2", -205.44, 559.78, "T", "SMD", "$1N1303", "", "R", 31.5, 35.43, 0, 270],
		[15, "C4_1", 300, 820.12, "T", "SMD", "5V-AHEAD", "", "R", 137.79, 47.24, 0, 270],
		[16, "C4_2", 300, 609.88, "T", "SMD", "GND", "GND", "R", 137.79, 47.24, 0, 270],
		[17, "C5_1", -523.56, 193.3, "T", "SMD", "GND", "GND", "R", 31.5, 35.43, 0, 270],
		[18, "C5_2", -523.56, 138.18, "T", "SMD", "VIN", "", "R", 31.5, 35.43, 0, 270],
		[19, "C6_1", -715, 34.89, "T", "SMD", "VIN", "", "R", 137.79, 47.24, 0, 90],
		[20, "C6_2", -715, 245.11, "T", "SMD", "GND", "GND", "R", 137.79, 47.24, 0, 90],
		[21, "C7_1", -229.18, -83.21, "T", "SMD", "$1N4799", "", "R", 31.5, 35.43, 0, 270],
		[22, "C7_2", -229.18, -138.33, "T", "SMD", "$1N4768", "", "R", 31.5, 35.43, 0, 270],
		[23, "C8_1", 315, 125.11, "T", "SMD", "5V-BACK", "", "R", 137.79, 47.24, 0, 270],
		[24, "C8_2", 315, -85.11, "T", "SMD", "GND", "GND", "R", 137.79, 47.24, 0, 270],
		[25, "C9_1", -510, -507.44, "T", "SMD", "GND", "GND", "R", 31.5, 35.43, 0, 270],
		[26, "C9_2", -510, -562.56, "T", "SMD", "VIN", "", "R", 31.5, 35.43, 0, 270],
		[27, "C10_1", -700, -660.12, "T", "SMD", "VIN", "", "R", 137.79, 47.24, 0, 90],
		[28, "C10_2", -700, -449.88, "T", "SMD", "GND", "GND", "R", 137.79, 47.24, 0, 90],
		[29, "C11_1", -220.92, -776.32, "T", "SMD", "$1N5356", "", "R", 31.5, 35.43, 0, 270],
		[30, "C11_2", -220.92, -831.44, "T", "SMD", "$1N5325", "", "R", 31.5, 35.43, 0, 270],
		[31, "C12_1", 310, -569.88, "T", "SMD", "5V-OTHER", "", "R", 137.79, 47.24, 0, 270],
		[32, "C12_2", 310, -780.12, "T", "SMD", "GND", "GND", "R", 137.79, 47.24, 0, 270],
		[33, "CN1_1", 620, 794.21, "T", "DIP", "5V-AHEAD", "", "R", 70.87, 70.87, 43.31, 270],
		[34, "CN1_1", 620, 794.21, "B", "DIP", "5V-AHEAD", "", "R", 70.87, 70.87, 43.31, 270],
		[35, "CN1_2", 620, 695.79, "T", "DIP", "GND", "GND", "C", 70.87, 70.87, 43.31, 270],
		[36, "CN1_2", 620, 695.79, "B", "DIP", "GND", "GND", "C", 70.87, 70.87, 43.31, 270],
		[37, "CN2_1", 640, 99.21, "T", "DIP", "5V-BACK", "", "R", 70.87, 70.87, 43.31, 270],
		[38, "CN2_1", 640, 99.21, "B", "DIP", "5V-BACK", "", "R", 70.87, 70.87, 43.31, 270],
		[39, "CN2_2", 640, 0.79, "T", "DIP", "GND", "GND", "C", 70.87, 70.87, 43.31, 270],
		[40, "CN2_2", 640, 0.79, "B", "DIP", "GND", "GND", "C", 70.87, 70.87, 43.31, 270],
		[41, "CN3_1", 630, -595.79, "T", "DIP", "5V-OTHER", "", "R", 70.87, 70.87, 43.31, 270],
		[42, "CN3_1", 630, -595.79, "B", "DIP", "5V-OTHER", "", "R", 70.87, 70.87, 43.31, 270],
		[43, "CN3_2", 630, -694.21, "T", "DIP", "GND", "GND", "C", 70.87, 70.87, 43.31, 270],
		[44, "CN3_2", 630, -694.21, "B", "DIP", "GND", "GND", "C", 70.87, 70.87, 43.31, 270],
		[45, "D1_1", -480.8, 637.34, "T", "SMD", "$1N1303", "", "R", 78.74, 78.74, 0, 180],
		[46, "D1_2", -307.57, 637.34, "T", "SMD", "GND", "GND", "R", 78.74, 78.74, 0, 180],
		[47, "D2_1", -505.8, -65.77, "T", "SMD", "$1N4768", "", "R", 78.74, 78.74, 0, 180],
		[48, "D2_2", -332.57, -65.77, "T", "SMD", "GND", "GND", "R", 78.74, 78.74, 0, 180],
		[49, "D3_1", -495.8, -753.88, "T", "SMD", "$1N5325", "", "R", 78.74, 78.74, 0, 180],
		[50, "D3_2", -322.57, -753.88, "T", "SMD", "GND", "GND", "R", 78.74, 78.74, 0, 180],
		[51, "L1_1", 0.82, 559.23, "T", "SMD", "$1N1303", "", "R", 92.52, 137.79, 0, 90],
		[52, "L1_2", 0.82, 795.45, "T", "SMD", "5V-AHEAD", "", "R", 92.52, 137.79, 0, 90],
		[53, "L2_1", 0, -138.11, "T", "SMD", "$1N4768", "", "R", 92.52, 137.79, 0, 90],
		[54, "L2_2", 0, 98.11, "T", "SMD", "5V-BACK", "", "R", 92.52, 137.79, 0, 90],
		[55, "L3_1", 0, -833.11, "T", "SMD", "$1N5325", "", "R", 92.52, 137.79, 0, 90],
		[56, "L3_2", 0, -596.89, "T", "SMD", "5V-OTHER", "", "R", 92.52, 137.79, 0, 90],
		[57, "LED1_1", 1132.04, 695.53, "T", "SMD", "GND", "GND", "R", 31.5, 31.5, 0, 90],
		[58, "LED1_2", 1195, 695.8, "T", "SMD", "$1N1841", "", "R", 31.5, 31.5, 0, 90],
		[59, "LED2_1", 1132.04, 0.53, "T", "SMD", "GND", "GND", "R", 31.5, 31.5, 0, 90],
		[60, "LED2_2", 1195, 0.8, "T", "SMD", "$1N4797", "", "R", 31.5, 31.5, 0, 90],
		[61, "LED3_1", 1132.04, -694.47, "T", "SMD", "GND", "GND", "R", 31.5, 31.5, 0, 90],
		[62, "LED3_2", 1195, -694.2, "T", "SMD", "$1N5354", "", "R", 31.5, 31.5, 0, 90],
		[63, "R1_1", -138.84, 1002.34, "T", "SMD", "$1N1653", "", "R", 31.75, 34.02, 0, 0],
		[64, "R1_2", -79.52, 1002.34, "T", "SMD", "5V-AHEAD", "", "R", 31.75, 34.02, 0, 0],
		[65, "R2_1", -264.76, 1002, "T", "SMD", "GND", "GND", "R", 31.75, 34.02, 0, 0],
		[66, "R2_2", -205.44, 1002, "T", "SMD", "$1N1653", "", "R", 31.75, 34.02, 0, 0],
		[67, "R3_1", 1195, 794.2, "T", "SMD", "$1N1841", "", "R", 31.75, 34.02, 0, 180],
		[68, "R3_2", 1135.68, 794.2, "T", "SMD", "5V-AHEAD", "", "R", 31.75, 34.02, 0, 180],
		[69, "R4_1", -168.84, 314.23, "T", "SMD", "$1N4789", "", "R", 31.75, 34.02, 0, 0],
		[70, "R4_2", -109.52, 314.23, "T", "SMD", "5V-BACK", "", "R", 31.75, 34.02, 0, 0],
		[71, "R5_1", -288.62, 313.88, "T", "SMD", "GND", "GND", "R", 31.75, 34.02, 0, 0],
		[72, "R5_2", -229.3, 313.88, "T", "SMD", "$1N4789", "", "R", 31.75, 34.02, 0, 0],
		[73, "R6_1", 1195, 99.2, "T", "SMD", "$1N4797", "", "R", 31.75, 34.02, 0, 180],
		[74, "R6_2", 1135.68, 99.2, "T", "SMD", "5V-BACK", "", "R", 31.75, 34.02, 0, 180],
		[75, "R7_1", -158.16, -388.88, "T", "SMD", "$1N5346", "", "R", 31.75, 34.02, 0, 0],
		[76, "R7_2", -98.84, -388.88, "T", "SMD", "5V-OTHER", "", "R", 31.75, 34.02, 0, 0],
		[77, "R8_1", -280.24, -388.88, "T", "SMD", "GND", "GND", "R", 31.75, 34.02, 0, 0],
		[78, "R8_2", -220.92, -388.88, "T", "SMD", "$1N5346", "", "R", 31.75, 34.02, 0, 0],
		[79, "R9_1", 1195, -595.8, "T", "SMD", "$1N5354", "", "R", 31.75, 34.02, 0, 180],
		[80, "R9_2", 1135.68, -595.8, "T", "SMD", "5V-OTHER", "", "R", 31.75, 34.02, 0, 180],
		[81, "SW1_1", -1825, 728.74, "T", "DIP", "VIN", "", "O", 62.99, 62.99, 39.37, 270],
		[82, "SW1_1", -1825, 728.74, "B", "DIP", "VIN", "", "O", 62.99, 62.99, 39.37, 270],
		[83, "SW1_2", -1825, 650, "T", "DIP", "$1N7016", "", "O", 62.99, 62.99, 39.37, 270],
		[84, "SW1_2", -1825, 650, "B", "DIP", "$1N7016", "", "O", 62.99, 62.99, 39.37, 270],
		[85, "SW1_3", -1825, 571.26, "T", "DIP", "SW1_3", "", "O", 62.99, 62.99, 39.37, 270],
		[86, "SW1_3", -1825, 571.26, "B", "DIP", "SW1_3", "", "O", 62.99, 62.99, 39.37, 270],
		[87, "SW1_4", -1825, 486.61, "T", "DIP", "SW1_4", "", "O", 102.36, 78.74, 55.12, 180],
		[88, "SW1_4", -1825, 486.61, "B", "DIP", "SW1_4", "", "O", 102.36, 78.74, 55.12, 180],
		[89, "SW1_5", -1825, 813.39, "T", "DIP", "SW1_5", "", "O", 102.36, 78.74, 55.12, 180],
		[90, "SW1_5", -1825, 813.39, "B", "DIP", "SW1_5", "", "O", 102.36, 78.74, 55.12, 180],
		[91, "U1_1", -205.44, 780.65, "T", "SMD", "$1N1297", "", "R", 51.18, 23.62, 0, 180],
		[92, "U1_2", -205.44, 830.65, "T", "SMD", "U1_2", "", "R", 51.18, 23.62, 0, 180],
		[93, "U1_3", -205.44, 880.65, "T", "SMD", "U1_3", "", "R", 51.18, 23.62, 0, 180],
		[94, "U1_4", -205.44, 930.65, "T", "SMD", "$1N1653", "", "R", 51.18, 23.62, 0, 180],
		[95, "U1_5", -418.03, 930.65, "T", "SMD", "U1_5", "", "R", 51.18, 23.62, 0, 180],
		[96, "U1_6", -418.03, 880.65, "T", "SMD", "GND", "GND", "R", 51.18, 23.62, 0, 180],
		[97, "U1_7", -418.03, 830.65, "T", "SMD", "VIN", "", "R", 51.18, 23.62, 0, 180],
		[98, "U1_8", -418.03, 780.65, "T", "SMD", "$1N1303", "", "R", 51.18, 23.62, 0, 180],
		[99, "U1_9", -311.74, 855.65, "T", "SMD", "GND", "GND", "R", 98.42, 137.79, 0, 180],
		[100, "U2_1", -230.92, 87.89, "T", "SMD", "$1N4799", "", "R", 51.18, 23.62, 0, 180],
		[101, "U2_2", -230.92, 137.89, "T", "SMD", "U2_2", "", "R", 51.18, 23.62, 0, 180],
		[102, "U2_3", -230.92, 187.89, "T", "SMD", "U2_3", "", "R", 51.18, 23.62, 0, 180],
		[103, "U2_4", -230.92, 237.89, "T", "SMD", "$1N4789", "", "R", 51.18, 23.62, 0, 180],
		[104, "U2_5", -443.51, 237.89, "T", "SMD", "U2_5", "", "R", 51.18, 23.62, 0, 180],
		[105, "U2_6", -443.51, 187.89, "T", "SMD", "GND", "GND", "R", 51.18, 23.62, 0, 180],
		[106, "U2_7", -443.51, 137.89, "T", "SMD", "VIN", "", "R", 51.18, 23.62, 0, 180],
		[107, "U2_8", -443.51, 87.89, "T", "SMD", "$1N4768", "", "R", 51.18, 23.62, 0, 180],
		[108, "U2_9", -337.22, 162.89, "T", "SMD", "GND", "GND", "R", 98.42, 137.79, 0, 180],
		[109, "U3_1", -220.92, -611.57, "T", "SMD", "$1N5356", "", "R", 51.18, 23.62, 0, 180],
		[110, "U3_2", -220.92, -561.57, "T", "SMD", "U3_2", "", "R", 51.18, 23.62, 0, 180],
		[111, "U3_3", -220.92, -511.57, "T", "SMD", "U3_3", "", "R", 51.18, 23.62, 0, 180],
		[112, "U3_4", -220.92, -461.57, "T", "SMD", "$1N5346", "", "R", 51.18, 23.62, 0, 180],
		[113, "U3_5", -433.51, -461.57, "T", "SMD", "U3_5", "", "R", 51.18, 23.62, 0, 180],
		[114, "U3_6", -433.51, -511.57, "T", "SMD", "GND", "GND", "R", 51.18, 23.62, 0, 180],
		[115, "U3_7", -433.51, -561.57, "T", "SMD", "VIN", "", "R", 51.18, 23.62, 0, 180],
		[116, "U3_8", -433.51, -611.57, "T", "SMD", "$1N5325", "", "R", 51.18, 23.62, 0, 180],
		[117, "U3_9", -327.22, -536.57, "T", "SMD", "GND", "GND", "R", 98.42, 137.79, 0, 180],
		[118, "PAD1_1", -311.73, 855.63, "B", "SMD", "GND", "GND", "R", 98.43, 137.8, 0, 180],
		[119, "PAD2_1", -337.2, 162.87, "B", "SMD", "GND", "GND", "R", 98.43, 137.8, 0, 180],
		[120, "PAD3_1", -327.2, -536.57, "B", "SMD", "GND", "GND", "R", 98.43, 137.8, 0, 180]
	]
}
}